{"Reward Min": 0.0, "Episode Reward": [7.348259, 5.637376, 8.67182, 8.611306, 7.067485, 9.481077, 6.601072, 9.442334, 12.980517, 8.226149, 7.893161, 10.700212, 8.940378, 7.226399, 5.724817, 7.25213, 10.350824, 6.362648, 7.295952, 0.0, 11.773111, 8.454472, 9.200589, 7.147767, 11.380404, 10.04438, 8.809297, 11.03472, 10.771522, 7.223396, 7.994448, 13.903445, 9.260606, 9.91387, 0.0, 12.189184, 7.295044, 8.48365, 0.0, 4.506589, 7.774924, 8.013471, 8.435855, 15.582249, 11.328395, 14.317335, 10.696146, 5.936895, 4.230948, 10.612058, 10.816345, 11.226514, 9.433228, 10.272157, 8.455639, 5.018482, 0.0, 9.619481, 9.07923, 8.077181, 8.35613, 9.619908, 9.666045, 4.281618, 6.646425, 12.170867, 9.503341, 8.591616, 10.977803, 9.967267, 7.248024, 10.587832, 8.599516, 4.676079, 12.614875, 9.271255, 10.77323, 7.03407, 0.0, 0.605174, 11.155908, 9.651964, 11.11034, 12.043447, 9.074722, 5.898418, 6.661967, 6.483453, 9.052182, 11.111599, 5.338458, 6.519162, 9.375134, 10.772972, 6.534115, 11.00074, 7.511724, 5.315695, 0.0, 10.570176, 8.884382, 10.093733, 6.73186, 5.348903, 7.256862, 8.489493, 10.871755, 10.090567, 9.547756, 6.543004, 14.569382, 11.890352, 8.156804, 6.35335, 6.235328, 10.440441, 7.292452, 8.038313, 9.465938, 9.038552, 5.752271, 7.05092, 9.876459, 8.106251, 9.016861, 8.547326, 11.332205, 1.593415, 7.350756, 10.978296, 12.152318, 10.581669, 4.409274, 10.540316, 7.75605, 15.606865, 9.34664, 5.67643, 11.398817, 8.859013, 9.286521, 6.044939, 0.0, 9.256567, 9.841631, 9.472849, 0.0, 4.081152, 8.579378, 12.376589, 10.903022, 2.293242, 8.13748, 7.423284, 6.236882, 9.155297, 10.074338, 10.756503, 8.338447, 0.0, 10.135514, 8.198691, 8.297598, 3.423132, 10.626341, 1.339382, 12.234717, 8.864762, 6.288964, 10.785827, 13.609966, 8.146394, 9.553518, 6.48456, 10.711483, 0.0, 10.252035, 9.251426, 4.203574, 0.483324, 8.58463, 13.811065, 9.445077, 12.740622, 0.0, 5.894055, 13.351352, 10.142004, 12.181362, 9.226485, 8.900357, 9.375011, 6.681048, 7.219548, 10.471593, 9.917071, 12.259828, 9.962521, 0.0, 10.799494, 8.261761, 10.493181, 8.924834, 10.712277, 6.912309, 7.292925, 0.991733, 9.561092, 13.108316, 7.041119, 4.940998, 9.646108, 3.746302, 11.11811, 3.943949, 6.311585, 8.07995, 7.779027, 10.439838, 11.607423, 9.966644, 9.601953, 0.0, 7.894761, 6.009179, 11.095498, 10.85002, 8.823634, 0.0, 4.044222, 7.048286, 6.568226, 10.891421, 0.0, 7.745119, 11.807774, 10.432458, 4.193421, 4.357433, 7.43043, 0.0, 8.299749, 9.276345, 0.0], "Summed Reward": 4368.34108, "Reward Mean": 8.73668216, "Reward Max": 15.910458, "Number of Mean New Branches": 1.45592, "Number of Max New Branches": 55, "Number of Min New Branches": 0, "Number of Mean New Branches of Plant 1": NaN, "Number of Mean New Branches of Plant 2": NaN, "Number of Total Displacement of Light": 0.0, "Mean Light Displacement": [], "Mean Light Width": [], "Number of Steps in Episode with Tree is as close as possible": 0.0, "_runtime": 645, "_timestamp": 1616785551, "_step": 302500}