{"Reward Min": 0.0, "Episode Reward": [1.384218, 2.705251, 0.0, 3.100515, 6.479192, 6.424214, 1.152715, 0.771488, 0.0, 2.358001, 1.16435, 2.121091, 1.238592, 0.0, 0.0, 0.475136, 1.990796, 5.864346, 0.945759, 4.67507, 4.035918, 7.393738, 0.0, 8.866041, 0.760103, 3.712525, 4.056179, 3.93458, 7.322626, 5.638494, 3.121974, 0.0, 5.368464, 5.677152, 6.234536, 3.144681, 0.0, 1.430182, 6.503329, 0.0, 7.861542, 0.646361, 3.185484, 1.017494, 2.802697, 7.203391, 8.72708, 8.136617, 6.503072, 4.59647, 0.0, 5.566408, 0.0, 7.540575, 0.7272, 4.882893, 6.35157, 8.526143, 0.0, 2.717624, 0.628677, 6.576717, 0.65548, 6.382093, 4.106649, 2.933142, 4.715519, 6.980901, 4.4795, 7.55823, 2.682613, 4.399634, 4.605691, 6.551859, 4.518445, 10.805387, 1.870112, 2.12309, 6.268518, 7.850426, 2.634896, 8.506369, 5.806192, 6.854817, 2.692133, 3.508841, 7.133099, 3.636362, 2.77315, 6.69717, 0.0, 0.181087, 4.759835, 7.102951, 3.16628, 4.735639, 9.644211, 2.263117, 9.12469, 7.04957, 5.483801, 3.93815, 9.080412, 4.814805, 4.981399, 8.950532, 3.702542, 7.518009, 5.544453, 10.39132, 11.501066, 5.682397, 3.692217, 0.0, 1.879421, 3.636084, 4.752594, 3.386658, 8.858241, 1.502622, 5.400349, 2.368992, 5.49998, 5.421174, 5.122116, 4.865893, 5.950296, 6.542721, 5.811184, 0.630686, 1.412161, 0.714114, 0.218801, 8.506235, 8.785045, 7.340717, 5.098542, 6.809362, 0.649699, 9.47226, 3.671805, 4.026198, 0.815792, 4.669836, 6.89751, 0.376841, 1.52854, 4.86488, 2.940803, 1.460475, 5.098766, 4.157539, 1.494096, 3.875175, 2.230869, 5.247673, 0.0, 6.074173, 9.641045, 6.644249, 5.105961, 1.140454, 4.564321, 3.063908, 7.683221, 3.364103, 9.027484, 5.183966, 4.222229, 0.224011, 0.0, 7.702593, 7.717055, 4.697771, 0.0, 2.6031, 2.83719, 7.349337, 0.947496, 1.752845, 4.99896, 4.916248, 9.706517, 6.589154, 9.662103, 8.948619, 3.341447, 6.116732, 4.089536, 5.906856, 0.0, 3.606657, 7.774312, 0.0, 11.818943, 8.874538, 2.352726, 5.729638, 0.0, 10.171479, 7.105294, 4.78332, 8.840863, 5.387566, 3.744548, 7.507934, 4.036193, 1.767512, 6.095473, 9.915764, 3.248702, 5.828904, 6.23914, 5.030485, 8.724456, 0.0, 2.00176, 4.590262, 9.452385, 2.043991, 7.111048, 6.408711, 4.459904, 5.971359, 5.672579, 3.437665, 6.266045, 6.324456, 3.156418, 4.666975, 4.722818, 2.652522, 0.573806, 0.302012, 4.88925, 7.569679, 3.558186, 2.078694, 10.61048, 3.539083, 11.618364, 7.259049, 8.762718, 6.767379, 2.533313, 0.19474, 1.752862, 10.173864, 1.935445, 9.077021, 8.979106, 6.845818, 4.11892, 7.627975, 7.834392, 7.226086, 8.446369, 5.856102, 0.306119, 8.495397, 7.098203, 3.86841, 8.636508, 3.948457, 10.562843, 8.456739, 1.495232, 6.378914, 5.514041, 6.186716, 4.279356, 6.904203, 4.341159, 2.969817, 6.470214, 4.18083, 5.976407, 8.596628, 7.512384, 5.412765, 1.601473, 5.539456, 0.733169, 5.392837, 0.980428, 2.992125, 7.68958, 0.033708, 11.377181, 3.662655, 4.114006, 7.08711, 6.335833, 5.491801, 0.0, 9.747109, 6.708709, 9.221606, 8.563511, 7.030149, 2.551712, 5.17597, 5.677102, 4.073515, 6.021823, 5.382198, 4.920037, 7.772368, 4.342928, 8.398578, 5.940355, 5.591893, 6.709251, 13.425749, 0.0, 9.54524, 4.567699, 10.114936, 9.507686, 5.592443, 3.705588, 5.118233, 11.026362, 5.328027, 7.761781, 7.438925, 4.6552, 0.707804, 0.630823, 5.833037, 6.714381, 2.22204, 4.401221, 2.235078, 5.45714, 9.354853, 8.087159, 7.824714, 5.444741, 5.756582, 5.348394, 4.424834, 7.39521, 4.606615, 6.115137, 3.558128, 3.028743, 8.255895, 5.055236, 4.707629, 3.979321, 1.316055, 7.124869, 8.574438, 7.624406, 8.935746, 7.06882, 6.081638, 3.945282, 6.947883, 5.285456, 10.210194, 4.673853, 10.101211, 7.585275, 10.599122, 2.982958, 6.855171, 0.727122, 10.505319, 5.338129, 7.471386, 9.31647, 3.176384, 13.10319, 9.154713, 9.452142, 7.523735, 7.382176, 5.635307, 5.153431, 9.304092, 5.189044, 5.718821, 0.869263, 0.0, 4.712473, 7.366535, 6.326382, 7.661275, 0.0, 6.929671, 3.487934, 7.098859, 6.161236, 3.816462, 8.322844, 6.519882, 5.258829, 0.606256, 5.381886, 0.331567, 8.521574, 7.673712, 5.562135, 0.368101, 13.018444, 6.848734, 5.265957, 1.92347, 8.389382, 5.790971, 8.815393, 7.136376, 0.0, 7.950519, 5.008093, 6.478341, 7.036007, 7.515955, 5.630522, 6.634952, 9.473329, 4.704558, 6.236346, 7.17383, 5.857289, 4.605827, 10.755396, 8.362773, 7.247823, 0.0, 7.44793, 6.732292, 6.071993, 8.620417, 10.272591, 10.640521, 10.596958, 4.706711, 9.143812, 0.0, 8.524953, 8.326827, 4.87922, 9.001715, 6.504348, 11.740815, 8.769668, 8.04557, 5.431419, 6.484476, 7.791963, 9.724567, 9.876823, 5.701919, 7.622978, 6.392901, 1.938258, 10.414991, 9.916371, 5.931209, 7.253043, 8.923349, 6.646291, 9.627718, 7.962587, 5.609476, 5.93897, 0.0, 7.660921, 4.562357, 7.532954, 6.290587, 8.591291, 11.66993, 8.821708, 9.261449, 6.415828, 7.428911, 9.583278, 4.137221, 6.291441, 9.032172, 7.351962, 8.195016, 7.298671, 4.758311, 8.796269, 5.611008, 5.247485, 5.747177, 5.469621, 8.437018, 6.785764, 10.290124, 7.009786, 11.120386, 8.75095, 3.259586], "Summed Reward": 170.630692, "Reward Mean": 3.41261384, "Reward Max": 10.294988, "Number of Mean New Branches": 1.136, "Number of Max New Branches": 28, "Number of Min New Branches": 0, "Number of Mean New Branches of Plant 1": NaN, "Number of Mean New Branches of Plant 2": NaN, "Number of Total Displacement of Light": 0.0, "Mean Light Displacement": [], "Mean Light Width": [], "Number of Steps in Episode with Tree is as close as possible": 0.0, "_runtime": 57, "_timestamp": 1616784963, "_step": 2500}