{"Reward Min": 0.0, "Episode Reward": [6.82363, 8.688056, 6.300571, 7.946504, 3.605793, 8.474049, 7.879762, 9.602559, 6.262699, 5.518038, 7.488734, 11.558991, 3.939226, 9.953515, 3.388722, 5.341504, 9.115663, 10.005956, 10.113798, 4.906497, 7.210984, 4.427243, 5.625859, 6.990754, 7.50832, 1.66162, 6.26084, 3.252538, 9.875999, 5.776916, 8.955047, 6.885526, 9.86762, 7.711475, 9.163672, 5.270157, 8.469755, 8.903917, 0.782697, 7.459124, 5.358947, 6.913398, 11.019004, 5.287474, 1.614979, 6.702667, 7.32385, 9.404632, 6.996528, 8.848355, 4.415557, 5.869354, 5.293341, 7.759358, 10.293128, 6.705764, 6.56501, 12.348653, 7.641701, 7.92241, 8.580966, 1.310804, 6.643776, 10.786664, 8.08117, 14.461008, 8.146268, 8.593403, 6.549158, 6.503482, 0.858436, 11.673995], "Summed Reward": 2704.396295, "Reward Mean": 5.40879259, "Reward Max": 14.941695, "Number of Mean New Branches": 1.72052, "Number of Max New Branches": 43, "Number of Min New Branches": 0, "Number of Mean New Branches of Plant 1": NaN, "Number of Mean New Branches of Plant 2": NaN, "Number of Total Displacement of Light": 0.0, "Mean Light Displacement": [], "Mean Light Width": [], "Number of Steps in Episode with Tree is as close as possible": 0.0, "_runtime": 64, "_timestamp": 1616714511, "_step": 27500}