{"Actions": {"_type": "histogram", "values": [420.0, 0.0, 1822.0, 0.0, 0.0, 40.0, 0.0, 64.0, 0.0, 154.0], "bins": [0.0, 0.4, 0.8, 1.2000000000000002, 1.6, 2.0, 2.4000000000000004, 2.8000000000000003, 3.2, 3.6, 4.0]}, "Reward Min": 0.0, "Reward Mean": 9.723527838000003, "EPISODE REWARD": [11.999215, 12.087361, 8.741243, 6.176783, 11.068671, 8.048089, 6.551222, 8.604707, 10.267426, 12.315669, 10.177251, 9.32655, 10.401866, 10.796531, 10.634906, 9.035887, 15.752156, 4.523184, 9.746139, 7.391096, 15.642895, 11.806903, 8.93674, 6.473228, 13.525676, 11.263034, 10.803562, 6.454125, 8.661, 6.148311, 14.635847, 6.424917, 9.171132, 7.098152, 9.078319, 6.984617, 7.496006, 9.187875, 10.222747, 5.012825, 7.420844, 11.079668, 8.75505, 10.449918, 10.095468, 13.334164, 7.1004, 9.388984, 12.765631, 10.414315, 16.875911, 11.952021, 9.114592, 10.993942, 12.446209, 11.296434, 7.730545, 9.673649, 10.260535, 14.591491, 10.911389, 11.683587, 10.082245, 12.658927, 8.426023, 6.876166, 9.158866, 0.0, 8.123437, 12.361246, 7.143288, 6.274154, 11.801167, 9.85632, 8.04179, 6.647925, 14.207635, 7.84428, 9.310234, 13.082286, 11.82578, 5.023539, 10.792468, 12.483408, 10.156314, 7.007167, 10.431469, 10.53405, 11.310007, 10.283649, 13.965915, 9.89627, 8.432392, 12.423113, 9.92323, 10.094029, 10.388818, 9.121429, 12.275324, 7.576899, 9.79316, 8.666308, 9.397684, 7.277975, 10.911527, 14.659459, 12.492213, 9.056417, 12.141723, 11.030808, 7.624398, 13.000739, 9.32509, 7.912808, 11.647696, 10.97699, 8.107797, 9.014339, 9.793678, 9.357129, 14.188481, 12.598162, 10.919287, 0.0, 7.763618, 11.761482, 13.072978, 0.0, 7.288171, 12.086219, 11.539373, 8.925706, 9.72515, 12.971332, 13.301457, 11.409288, 11.689805, 9.011826, 5.173228, 14.708915, 7.071878, 14.35207, 7.443023, 5.856784, 8.522766, 10.034091, 11.776853, 12.827389, 9.637294, 7.701925, 9.904499, 12.880796, 7.354015, 13.365781, 16.250648, 10.092501, 9.567385, 12.609186, 5.883915, 8.358244, 10.647386, 5.769757, 9.524864, 12.748176, 6.96414, 10.862626, 8.383556, 13.926, 8.685985, 9.473894, 12.215329, 6.594401, 9.999774, 9.954134, 9.126894, 10.199152, 12.345809, 9.633008, 5.640551, 12.893888, 12.183231, 14.638658, 10.563333, 12.466888, 11.145809, 14.017084, 7.717728, 6.129266, 13.306343, 2.460504, 7.658334, 9.027718, 5.542817, 9.596654, 13.987352, 16.083203, 4.049514, 14.057661, 3.434502, 11.986157, 5.530744, 7.459429, 9.304209, 11.401546, 13.952491, 13.906551, 5.211233, 13.07801, 8.451906, 10.88075, 13.549952, 9.466075, 4.999551, 13.624461, 8.024662, 11.028693, 12.111704, 7.236179, 8.946172, 12.040745, 11.666496, 5.106433, 14.73195, 11.231191, 8.608717, 8.328391, 13.426774, 8.218964, 8.205973, 7.656791, 11.518968, 9.285951, 8.50635, 13.445039, 2.786291, 12.531873, 7.499283, 6.099142, 7.427875, 9.333927, 8.53272, 11.248011, 12.953913, 8.876636, 12.074506, 11.829382, 9.067569, 10.906507, 3.669118, 11.850264, 7.820463, 8.803349, 12.670753, 11.020568, 7.313798, 13.83999, 9.063126, 11.531816, 10.095532, 10.064045, 14.849289, 11.163543, 8.090567, 7.043388, 9.587602, 7.91764, 10.714695, 13.396763, 11.913203, 12.217561, 7.850723, 10.934695, 9.633923, 9.961884, 4.537918, 10.26371, 9.382616, 5.670404, 7.840434, 10.777944, 12.406322, 11.535541, 10.62455, 11.887597, 9.963905, 7.03724, 10.224451, 11.247949, 9.195294, 12.607238, 8.695812, 9.853317, 11.536872, 8.952678, 10.182178, 13.678106, 9.679694, 11.696902, 13.299123, 10.810495, 9.494958, 10.564408, 8.129475, 10.451828, 9.783031, 6.692645, 10.526414, 7.12832, 9.676295, 8.567932, 4.623751, 8.391025, 5.720363, 9.083453, 6.777747, 9.508049, 8.166914, 13.3605, 7.504549, 9.730345, 5.267946, 8.955589, 9.908097, 5.149453, 0.0, 13.057237, 12.813986, 10.645342, 10.256634, 9.98475, 12.183031, 12.728359, 9.020201, 8.512502, 0.0, 11.939185, 9.266692, 12.118429, 9.942478, 4.64965, 1.483303, 7.727053, 12.568989, 10.279096, 12.998844, 8.009283, 5.199873, 6.511439, 9.842366, 6.317948, 8.272924, 6.949649, 5.097615, 14.086848, 12.15404, 7.248573, 0.0, 11.236582, 8.320157, 10.664519, 11.355728, 12.930884, 8.183761, 11.076926, 5.863609, 12.738639, 3.771686, 7.356608, 9.755293, 13.025133, 13.570467, 13.774891, 5.750771, 0.0, 12.382563, 11.351999, 11.697529, 11.297705, 10.207695, 6.396812, 7.816037, 12.725509, 9.604228, 11.635064, 8.131326, 9.936378, 8.403663, 5.196671, 6.575151, 6.437662, 10.180822, 7.962088, 10.41298, 12.420775, 15.316622, 1.18238, 12.323658, 2.358892, 0.273584, 7.678494, 12.147119, 11.5586, 9.776159, 13.837341, 12.563693, 6.967933, 9.511632, 7.811026, 7.063236, 7.528875, 6.440217, 4.488085, 10.806415, 10.427009, 13.417274, 8.097535, 12.344033, 8.641024, 9.995059, 13.220379, 10.272679, 9.154263, 4.444333, 13.879165, 14.28239, 15.897656, 11.453733, 13.008792, 7.9311, 12.727557, 6.83902, 8.806803, 8.854835, 14.362989, 11.072942, 8.192942, 9.464947, 12.591675, 5.145748, 9.818375, 14.325621, 5.199899, 9.168313, 7.938677, 9.358326, 7.972754, 4.98706, 11.355291, 6.07568, 13.028598], "Reward Max": 16.990606, "Number of Mean New Branches": 1.12328, "Number of Max New Branches": 29, "Number of Min New Branches": 0, "Number of Mean New Branches of Plant 1": NaN, "Number of Mean New Branches of Plant 2": NaN, "Number of Total Displacement of Light": 0.0, "Mean Light Displacement": NaN, "Mean Light Width": NaN, "Number of Steps in Episode with Tree is as close as possible": 0.0, "Number of Total New Branches": 28082, "Episode Length Mean ": 50.0, "Episode Length Min": 50, "Episode Length Max": 50, "Entropy": 0.4868868310004473, "Displacement of Light Position": {"_type": "histogram", "values": [0, 0, 0, 0, 0, 0, 0, 0, 0, 0, 0, 0, 0, 0, 0, 0, 0, 0, 0, 0, 0, 0, 0, 0, 0, 0, 0, 0, 0, 0, 0, 0, 0, 0, 0, 0, 0, 0, 0, 0, 0, 0, 0, 0, 0, 0, 0, 0, 0, 0, 0, 0, 0, 0, 0, 0, 0, 0, 0, 0, 0, 0, 0, 0], "bins": [0.0, 0.015625, 0.03125, 0.046875, 0.0625, 0.078125, 0.09375, 0.109375, 0.125, 0.140625, 0.15625, 0.171875, 0.1875, 0.203125, 0.21875, 0.234375, 0.25, 0.265625, 0.28125, 0.296875, 0.3125, 0.328125, 0.34375, 0.359375, 0.375, 0.390625, 0.40625, 0.421875, 0.4375, 0.453125, 0.46875, 0.484375, 0.5, 0.515625, 0.53125, 0.546875, 0.5625, 0.578125, 0.59375, 0.609375, 0.625, 0.640625, 0.65625, 0.671875, 0.6875, 0.703125, 0.71875, 0.734375, 0.75, 0.765625, 0.78125, 0.796875, 0.8125, 0.828125, 0.84375, 0.859375, 0.875, 0.890625, 0.90625, 0.921875, 0.9375, 0.953125, 0.96875, 0.984375, 1.0]}, "_runtime": 1481, "_timestamp": 1616866766, "_step": 977500}